zip,total,total_error,white_total,white_error,african_american_total,african_american_error,asian_total,asian_error,other_race_total,other_race_error,multiracial_total,multiracial_error
20105,25168,1038,13554,891,3005,445,61,6923,143,147,3086,1273
20106,5087,461,4586,455,237,162,36,52,34,70,356,268
20109,43093,1265,25114,1883,6809,957,313,3875,4850,1407,4890,1593
20110,47574,862,30998,899,6746,408,237,2578,4793,1196,4918,1246
20111,36375,713,24006,1155,3992,616,30,3612,3076,922,3378,1027
20112,26648,977,19964,989,3199,482,13,1417,938,502,2260,1011
20115,7142,647,6039,697,740,265,17,39,73,115,502,345
20117,2295,396,2031,411,196,98,18,11,33,39,48,54
20118,7,13,0,12,7,13,12,0,0,36,0,36
20119,3850,515,3586,502,61,62,12,87,0,36,232,282
20120,41312,1117,23663,1051,2717,663,73,11867,1136,657,3858,1208
20121,29426,848,15252,1097,2761,552,144,8418,1604,733,2782,761
20124,15114,682,10843,620,638,253,19,2658,126,161,1698,487
20129,522,204,365,175,59,102,12,28,0,36,140,188
20130,236,101,236,101,0,12,12,0,0,36,0,36
20132,18053,739,15998,763,737,312,28,657,81,108,1160,496
20135,3187,512,2941,447,173,186,12,51,11,48,22,50
20136,29875,1104,20708,980,3660,488,69,3065,684,403,3516,1108
20137,1527,277,1454,268,24,27,12,15,14,43,40,64
20139,245,169,245,169,0,12,12,0,0,36,0,36
20141,7853,893,7125,906,207,209,18,245,27,40,498,313
20143,827,242,679,200,14,21,12,101,15,47,36,70
20144,1086,321,979,316,98,77,12,0,0,36,18,40
20147,63878,1065,41835,1103,5084,573,56,11792,1738,608,6858,1353
20148,51243,1170,24053,971,4344,642,103,18601,895,457,6700,1496
20151,23068,1047,12438,929,1393,539,15,7687,813,506,1474,572
20152,35302,1048,17041,945,2662,489,41,12715,809,375,4150,1176
20155,36642,1101,25087,1197,4387,538,194,4561,963,586,3288,838
20158,4610,652,4106,600,8,10,13,204,50,66,484,452
20164,41684,1507,24623,1562,3490,614,144,5929,5527,1347,4230,1267
20165,31912,774,23345,766,1799,469,32,3886,1090,403,3584,908
20166,12236,1035,5525,928,1017,364,57,3876,1154,470,1328,475
20169,25619,747,18714,707,2400,437,17,2055,284,196,4332,1189
20170,42690,700,26105,1427,3139,493,111,7474,4532,1194,2880,921
20171,51093,1137,25943,1115,5193,1095,99,17304,773,478,3760,783
20175,34857,1174,28444,1131,2510,552,96,1893,610,376,2800,872
20176,52862,1324,37435,1290,4401,667,80,6088,2557,1023,4762,1851
20180,7705,361,7036,358,236,105,20,203,86,93,288,147
20181,9350,603,8435,606,394,203,13,195,64,84,524,267
20184,496,241,429,225,67,102,12,0,0,36,0,36
20186,14839,484,12521,592,1211,386,32,532,148,167,854,482
20187,18738,717,16393,754,1425,332,34,288,107,100,1050,459
20190,19950,979,14245,751,2449,655,24,2072,365,258,1638,732
20191,30181,712,21003,924,3594,600,23,3206,752,409,3252,1030
20194,12467,468,9776,501,367,152,19,1485,173,138,1332,431
20197,2467,539,2217,504,3,7,12,80,22,62,290,312
20198,1905,497,1847,493,32,40,12,0,0,36,52,66
20202,0,12,0,12,0,12,12,0,0,36,0,36
20204,0,12,0,12,0,12,12,0,0,36,0,36
20228,0,12,0,12,0,12,12,0,0,36,0,36
20230,0,12,0,12,0,12,12,0,0,36,0,36
20240,0,12,0,12,0,12,12,0,0,36,0,36
20245,0,12,0,12,0,12,12,0,0,36,0,36
20260,0,12,0,12,0,12,12,0,0,36,0,36
20307,66,109,46,71,3,7,12,0,0,36,34,88
20317,416,139,330,126,81,49,12,0,5,35,0,36
20319,36,25,19,28,3,6,12,12,0,36,4,22
20373,141,83,110,64,12,16,12,0,3,33,32,50
20390,326,151,250,139,30,31,12,0,24,57,44,70
20405,0,12,0,12,0,12,12,0,0,36,0,36
20418,0,12,0,12,0,12,12,0,0,36,0,36
20427,0,12,0,12,0,12,12,0,0,36,0,36
20506,0,12,0,12,0,12,12,0,0,36,0,36
20510,0,12,0,12,0,12,12,0,0,36,0,36
20520,0,12,0,12,0,12,12,0,0,36,0,36
20535,0,12,0,12,0,12,12,0,0,36,0,36
20540,0,12,0,12,0,12,12,0,0,36,0,36
20551,0,12,0,12,0,12,12,0,0,36,0,36
20553,0,12,0,12,0,12,12,0,0,36,0,36
20560,0,12,0,12,0,12,12,0,0,36,0,36
20565,0,12,0,12,0,12,12,0,0,36,0,36
20566,0,12,0,12,0,12,12,0,0,36,0,36
20593,0,12,0,12,0,12,12,0,0,36,0,36
20601,25517,1367,9892,1149,13071,1173,55,870,404,269,2560,738
20602,26550,1088,7587,678,15849,1039,139,692,507,281,3830,1253
20603,31975,1042,9128,693,18948,1132,113,1731,391,303,3554,1095
20606,374,186,260,141,55,83,12,0,0,36,118,196
20607,10843,810,2048,426,6956,708,107,821,331,397,1374,577
20608,860,191,176,64,424,156,12,5,0,36,510,397
20609,1151,285,864,233,195,167,12,0,0,36,184,270
20611,1634,338,1092,275,382,226,12,12,0,36,296,326
20612,203,146,155,129,0,12,12,0,0,36,96,166
20613,14020,956,2921,442,9451,750,92,323,717,464,1216,712
20615,421,190,421,190,0,12,12,0,0,36,0,36
20616,6389,852,1500,319,3860,674,17,316,86,113,1254,1077
20617,832,260,706,235,91,90,12,0,0,36,70,97
20618,406,160,351,155,37,46,12,4,0,36,28,52
20619,15052,1018,11913,1005,1523,522,42,229,464,415,1846,811
20620,1369,487,1047,467,157,103,12,111,0,36,108,108
20621,960,329,715,280,229,164,12,0,0,36,32,50
20622,6887,865,5120,768,1028,339,17,151,55,81,1066,717
20623,2997,349,282,167,2447,316,12,121,22,59,250,200
20624,1409,256,1278,250,120,131,12,0,0,36,22,46
20625,646,301,558,296,52,83,12,0,0,36,72,130
20626,304,120,246,104,0,12,48,0,29,72,58,82
20628,477,275,316,212,142,209,12,0,0,36,38,72
20629,383,281,383,281,0,12,12,0,0,36,0,36
20630,301,146,176,119,114,99,12,0,0,36,22,52
20632,432,187,333,152,34,53,12,0,0,36,130,181
20634,6478,969,4416,845,1669,601,17,77,142,165,348,269
20636,10805,1009,10161,951,206,158,19,154,17,67,534,463
20637,5751,725,3897,536,1453,492,17,172,19,64,420,321
20639,15793,662,12526,781,1444,336,19,598,80,114,2290,857
20640,10333,706,4286,528,5000,605,53,453,135,133,918,388
20645,749,165,725,170,24,38,12,0,0,36,0,36
20646,21951,939,14953,717,5339,824,134,540,259,195,1720,765
20650,14672,874,11662,792,1592,401,6,572,29,58,1634,958
20653,24274,1303,14440,1028,7199,874,22,1366,420,331,1698,595
20657,19226,847,15599,931,2597,605,19,167,57,84,1612,647
20658,848,241,551,154,184,104,17,2,11,41,200,170
20659,23312,1085,20996,1078,1856,434,22,57,13,59,780,452
20660,0,12,0,12,0,12,12,0,0,36,0,36
20662,2876,467,1654,284,895,319,15,20,10,39,594,502
20664,3462,532,2503,450,860,278,49,10,32,73,114,152
20667,633,385,233,158,350,386,12,0,0,36,100,184
20670,1441,327,939,326,294,147,44,77,45,82,172,130
20674,848,467,609,381,94,90,12,17,21,58,214,272
20675,2017,453,1256,317,512,205,48,44,32,72,346,406
20676,3848,519,3123,451,441,239,12,0,89,95,390,302
20677,2416,392,1944,369,454,225,12,0,0,36,36,52
20678,12261,704,8784,595,2585,352,108,215,227,271,900,507
20680,934,356,795,329,111,134,12,0,0,36,56,90
20684,1066,378,965,376,77,59,12,0,0,36,48,94
20685,6942,684,5897,585,737,283,17,16,0,51,584,341
20686,1775,482,1512,462,133,59,12,88,0,36,84,60
20687,448,198,354,153,0,12,12,45,0,36,98,180
20688,1749,378,1714,372,32,28,12,0,0,36,6,26
20689,2081,342,1531,317,384,162,12,18,28,61,240,238
20690,905,309,812,311,51,58,12,42,0,36,0,36
20692,899,402,886,404,13,23,12,0,0,36,0,36
20693,833,224,700,190,89,91,22,0,15,46,58,98
20695,8089,893,2971,438,4702,819,17,128,95,142,386,377
20701,92,83,39,35,53,86,12,0,0,36,0,36
20705,27663,1241,7923,748,11326,1113,98,2844,4785,1188,1570,711
20706,43670,1754,4749,767,29931,1686,26,1533,6731,1248,1452,608
20707,32798,979,10556,879,15311,943,110,2827,2591,825,3026,752
20708,27843,1315,5160,737,18315,1276,73,1270,2305,746,1586,674
20710,9553,326,1131,481,6400,716,17,255,1555,617,424,401
20711,7413,572,5341,470,1250,288,95,79,594,527,298,289
20712,9608,384,1867,374,3903,557,49,216,3298,716,648,401
20714,4683,595,4078,526,283,140,12,201,6,35,230,174
20715,27556,977,14615,682,9278,790,22,1454,946,525,2526,779
20716,22237,781,5227,520,13981,887,83,1252,720,406,2114,648
20720,22971,1046,4006,514,16221,918,13,1462,289,215,1986,1020
20721,29730,1304,2269,343,25422,1354,79,483,516,393,2080,714
20722,5728,379,1235,237,1862,283,37,286,2130,420,430,259
20723,35411,1115,15143,1103,10986,1460,49,6639,760,386,3766,1361
20724,17513,1129,7027,681,8250,1090,35,1210,498,428,1056,639
20732,9820,555,8222,642,887,278,67,137,79,129,990,481
20733,2777,334,2156,299,353,101,47,107,112,134,98,164
20735,38220,1244,3463,542,31504,1263,162,1053,1570,697,1260,532
20736,9248,627,7727,608,1020,340,17,128,97,165,552,391
20737,22295,1170,4725,736,6473,600,286,599,9688,1558,1620,752
20740,31349,518,15781,1005,6753,723,48,4381,2892,755,3084,1243
20742,6726,366,4260,368,769,179,17,1230,176,101,582,215
20743,37888,1083,1776,404,32584,1202,223,297,2510,844,1442,493
20744,54925,1729,5077,628,38468,1353,501,3285,6265,1649,3660,1105
20745,27790,1238,2301,621,19206,1177,151,1051,4656,1207,1152,777
20746,27041,1515,2044,452,22264,1603,100,518,1703,918,1024,518
20747,40484,1405,1444,342,36344,1238,45,348,1689,653,1318,537
20748,38904,1486,2051,364,33409,1442,105,254,2185,652,2010,829
20751,2091,311,2063,311,11,15,10,0,17,36,0,36
20754,7124,404,6198,408,462,252,19,246,64,94,308,167
20755,10873,893,6857,719,2038,462,36,653,286,228,2078,566
20758,451,164,394,143,45,70,12,0,12,44,0,36
20759,5311,576,3551,414,777,457,28,720,46,85,434,309
20762,3079,382,1896,297,680,207,12,88,65,63,700,372
20763,1635,484,1294,397,147,94,12,130,0,36,128,180
20764,3829,522,3197,484,364,185,12,127,10,40,262,252
20765,407,168,221,109,186,132,12,0,0,36,0,36
20769,6222,722,1104,299,4150,548,17,499,292,188,354,503
20770,24560,555,7078,661,11769,785,117,2205,2782,949,1452,586
20772,45321,1325,5719,509,36070,1408,45,568,1491,672,2946,756
20774,47165,1538,2652,602,41538,1699,67,939,856,676,2360,806
20776,3271,604,2485,481,501,230,12,0,0,36,570,520
20777,3687,446,2637,309,222,215,12,604,68,125,312,294
20778,2079,446,2022,434,34,50,12,0,0,36,46,66
20779,993,243,843,232,45,50,12,31,0,36,148,170
20781,11694,815,4099,477,3496,522,43,195,3467,697,874,384
20782,33398,1594,6725,647,12166,997,106,1531,12258,1993,1436,582
20783,45302,1659,4616,596,11040,921,131,1831,27208,1722,1214,628
20784,30270,1081,4353,860,16014,940,49,566,8461,1149,1752,703
20785,38878,1238,4828,718,29456,1147,186,675,2862,830,2114,666
20794,17939,1258,8221,807,7900,1081,28,817,439,317,1124,595
20812,309,71,278,61,16,20,12,1,8,37,12,16
20814,29021,899,23182,780,1581,431,44,2634,294,173,2660,693
20815,30664,861,25468,731,1555,396,182,2175,519,334,1894,498
20816,16316,556,14397,561,333,167,25,984,91,96,1022,395
20817,37315,971,28255,975,1830,503,18,5178,705,406,2694,643
20818,1971,267,1524,301,65,66,12,280,57,80,90,114
20832,26437,669,17441,759,3566,593,103,2892,1162,550,2752,979
20833,7369,537,5412,531,712,299,127,574,197,213,948,727
20837,6287,276,5309,358,431,73,98,332,87,153,256,249
20838,302,124,276,97,0,12,12,2,13,42,22,44
20839,97,132,97,132,0,12,12,0,0,36,0,36
20841,11443,728,4242,481,2115,565,19,4661,110,179,630,380
20842,1676,254,1517,257,82,63,12,5,39,76,66,74
20850,53176,1215,28568,1301,7096,946,72,12661,2197,719,5308,1240
20851,15489,1214,8732,1167,1349,288,84,2589,2198,997,1242,561
20852,46178,1465,27870,1301,4755,725,138,8538,1932,738,6166,1728
20853,31061,945,18075,846,3276,535,147,4240,4360,1000,2220,802
20854,49189,1010,32999,1024,2795,642,14,11583,442,352,2740,824
20855,15287,1038,9806,849,1270,350,34,2922,623,528,1332,460
20860,2855,611,1615,340,908,424,12,228,0,36,208,346
20861,1449,285,1194,246,123,121,12,106,0,36,52,88
20862,341,98,341,98,0,12,12,0,0,36,0,36
20866,16365,961,4010,566,8367,1031,43,2650,1001,623,674,423
20868,780,281,460,296,89,68,12,69,0,36,324,401
20871,18628,923,7582,614,3254,618,119,6214,748,555,1660,1114
20872,12603,664,9363,556,1371,401,21,1016,401,206,904,421
20874,61087,1882,30359,1547,15547,1267,21,9229,3135,1221,5634,1715
20876,30778,1207,12937,1153,7299,894,216,7638,1561,813,2686,850
20877,38423,1388,17995,1826,7475,1002,63,4770,6457,1770,3452,1002
20878,63030,1254,35349,1345,6463,609,192,16188,2339,829,5382,1076
20879,26164,1451,11842,1347,6663,750,98,3374,2920,1253,2730,884
20880,547,128,431,95,89,106,12,14,0,36,26,24
20882,13988,703,10936,586,803,282,19,1194,575,318,960,439
20886,34834,1343,18036,1095,7395,884,66,3906,4024,1102,2946,963
20895,19026,651,15042,522,1168,353,26,1042,599,277,2350,754
20896,775,128,747,131,6,10,12,13,6,33,6,22
20899,295,127,46,45,210,140,12,0,39,72,0,36
20901,36278,1200,17501,973,9900,935,287,2613,4493,1231,3542,846
20902,52908,1695,21056,1200,9356,823,112,5550,14394,1932,5104,1376
20903,27973,1683,4103,707,7788,1115,102,2412,12927,1848,1486,907
20904,55275,1657,14418,1286,26298,1495,85,8192,4054,902,4626,1123
20905,18662,1245,8702,865,4694,754,19,2822,1550,637,1788,701
20906,70749,1502,24273,1411,16658,1124,174,8856,18009,1866,5906,1624
20910,44301,1556,22501,1041,13203,1085,88,2988,3391,1201,4436,1071
20912,26140,1050,10907,716,9373,776,30,1147,3625,1014,2176,815
21001,24752,762,15566,820,6157,700,22,1008,667,378,2708,910
21005,2872,321,1497,213,1019,273,29,100,91,120,330,285
21009,29905,1005,22888,904,3877,502,26,1247,583,427,2620,877
21010,211,71,115,61,73,56,12,0,10,39,26,50
21012,21600,779,19384,851,666,243,22,817,105,145,1256,512
21013,4768,401,4432,426,169,119,12,70,0,36,194,280
21014,36538,764,32102,849,2020,440,124,919,575,453,1844,546
21015,29199,869,25081,916,2146,585,42,1244,148,177,1160,466
21017,6983,782,4150,527,2135,639,28,220,176,160,604,319
21028,2783,305,2672,304,6,8,12,87,0,36,36,48
21029,10895,781,5980,545,738,191,19,3647,87,83,886,522
21030,24396,1167,16436,1044,3910,857,34,2855,428,384,1534,813
21031,0,12,0,12,0,12,12,0,0,36,0,36
21032,8084,542,6785,527,736,405,17,171,76,109,632,505
21034,3483,419,3316,444,80,77,15,4,11,39,144,122
21035,7957,600,7527,581,110,60,22,100,25,58,390,379
21036,2112,274,1687,270,83,54,12,287,30,66,50,72
21037,21046,917,19335,1009,847,376,22,238,202,295,848,502
21040,24166,1070,10085,912,11681,1029,31,357,738,440,2610,788
21042,41195,895,25863,763,2513,483,65,10832,469,232,3036,985
21043,47351,1092,25793,812,5526,694,81,13483,586,321,3926,958
21044,44256,1314,23544,1341,12111,1214,75,5098,912,513,5182,1388
21045,40365,1171,20495,1191,11936,1004,185,5097,1001,495,3672,896
21046,15655,884,9977,631,3503,615,32,1405,148,142,1244,530
21047,12266,558,11428,572,198,161,41,221,35,79,768,759
21048,10276,948,9490,886,548,282,19,47,92,141,198,181
21050,18123,593,17040,655,360,204,32,261,70,91,784,351
21051,295,92,269,91,0,12,12,17,9,39,0,36
21052,211,101,211,101,0,12,12,0,0,36,0,36
21053,3225,469,3067,464,23,30,12,40,22,60,146,144
21054,11199,933,9121,862,884,315,57,627,202,173,730,357
21056,158,90,158,90,0,12,12,0,0,36,0,36
21057,4232,344,3838,369,158,95,24,133,30,55,146,172
21060,34899,1394,25167,1193,6081,690,59,1164,1216,680,2542,772
21061,53860,1486,32951,1365,13833,1203,132,2557,2123,883,4792,1062
21071,581,311,565,305,0,12,28,0,16,52,0,36
21074,15166,842,14369,875,257,152,53,236,119,130,370,201
21075,33726,935,19239,1076,7276,774,43,5353,615,373,2486,822
21076,17442,1168,8831,717,4876,964,49,2277,268,325,2380,858
21077,276,171,188,117,44,42,12,14,0,36,60,104
21078,18366,561,14103,723,2482,327,51,506,477,407,1596,538
21082,656,175,623,168,0,12,12,10,0,36,46,84
21084,7603,622,7184,584,183,198,17,21,35,99,360,292
21085,16055,713,12743,619,2237,450,37,290,336,295,898,480
21087,5394,335,5293,332,28,32,17,21,0,51,104,109
21090,9991,595,9030,536,275,190,31,254,137,193,590,374
21093,37996,864,31314,926,1456,447,53,4197,185,162,1688,552
21102,11787,625,11146,685,298,205,19,170,0,57,346,225
21104,5762,508,4673,458,239,189,17,575,21,66,508,545
21105,0,12,0,12,0,12,12,0,0,36,0,36
21108,18782,916,14865,839,1747,539,157,931,425,330,1628,818
21111,5387,704,5230,694,12,19,17,64,0,51,162,169
21113,34473,1368,20681,1088,8647,931,37,2264,564,391,4634,1345
21114,27303,926,19289,688,4846,785,15,1552,193,157,2846,898
21117,59301,1914,23295,1463,28301,1664,69,3989,1264,685,4904,1483
21120,7095,508,6234,562,225,137,14,420,52,84,328,255
21122,61051,1394,52328,1476,4175,755,110,1486,741,498,4642,1292
21128,13985,804,9552,639,1755,648,19,2154,94,122,860,476
21130,156,146,130,137,20,34,12,0,0,36,12,34
21131,7282,556,6808,494,72,93,127,143,139,184,240,203
21132,3232,627,3214,633,0,12,12,10,0,36,16,38
21133,33299,1354,3884,553,27341,1353,77,807,279,188,1976,679
21136,34177,995,21264,912,8699,965,51,2190,648,292,2752,1010
21140,3564,307,3492,312,33,30,12,14,18,41,14,36
21144,35335,1783,17694,1133,13251,1474,7,2170,498,270,3444,819
21146,27555,995,24863,1046,876,271,22,542,90,113,2368,778
21152,5462,568,4935,548,198,161,17,255,38,97,72,85
21153,447,204,447,204,0,12,12,0,0,36,0,36
21154,5804,590,5591,568,106,115,17,63,19,64,50,61
21155,2532,391,2393,377,22,38,12,56,0,36,122,178
21156,316,117,306,115,0,12,12,10,0,36,0,36
21157,37749,1217,34455,1219,1804,327,82,334,572,369,1168,383
21158,20906,784,18229,922,988,309,17,612,211,293,1732,804
21160,2933,673,2869,679,0,12,23,0,15,47,98,172
21161,5601,550,5519,546,11,27,17,23,0,51,96,107
21162,4331,557,3492,542,422,218,12,194,92,114,262,268
21163,7030,592,3731,480,1183,336,21,1586,143,155,774,446
21201,17256,1128,5928,600,8854,886,100,1230,245,183,1998,795
21202,21784,1211,7088,640,12913,1091,48,913,439,337,862,374
21204,21545,911,16021,695,3593,713,112,912,378,254,1282,435
21205,16239,1075,3597,757,11055,913,82,273,982,526,664,433
21206,52020,1647,11520,1054,38067,1743,33,768,807,691,1716,731
21207,48872,1566,5443,814,40345,1748,136,730,1362,768,1984,707
21208,35266,1403,18825,1208,14925,1143,28,855,288,201,746,366
21209,28309,1146,20283,975,4903,799,48,1834,512,450,1554,770
21210,15553,868,11106,770,1571,239,34,1968,199,142,1418,478
21211,16370,636,13085,543,1856,346,19,910,83,83,872,305
21212,33431,1009,17793,777,13083,1115,21,1456,288,222,1622,531
21213,31007,1545,2805,546,27176,1520,168,79,517,494,860,614
21214,21392,938,8227,625,12095,1072,60,211,208,179,1302,508
21215,58283,2388,10298,1099,46345,2164,51,335,677,394,1256,557
21216,30179,1643,542,212,28699,1685,55,66,185,174,1374,806
21217,33644,1515,3525,403,28680,1420,100,417,497,395,1050,456
21218,47555,1818,14515,892,28784,1768,56,2438,375,194,2886,670
21219,9550,511,8476,570,595,252,17,197,0,51,564,313
21220,41051,1243,27742,1285,9762,1072,65,1215,995,502,2674,1234
21221,42078,1341,26904,1312,12644,956,38,704,722,542,2208,686
21222,55212,1289,43016,1517,7585,1026,307,1479,1360,697,3544,994
21223,22392,1501,4273,558,16380,1400,132,591,307,325,1682,659
21224,49332,1944,34359,1527,7567,1094,219,1501,4019,1264,3772,907
21225,34363,1382,15065,1251,14660,1109,149,720,2342,1025,3152,1353
21226,6247,1043,4629,688,1227,776,17,50,150,245,382,283
21227,33589,1080,24634,1091,4931,634,91,1577,1140,711,2614,856
21228,48196,1381,30995,1180,9610,749,175,5787,714,456,2180,474
21229,45921,2179,7790,891,35481,2041,54,1203,394,274,2106,710
21230,34274,1201,21492,850,9570,823,157,1245,1420,822,1094,361
21231,15854,908,9489,670,4922,504,61,766,191,164,972,377
21234,68381,1475,43728,1211,18741,1149,54,3408,811,341,3386,867
21236,39707,1810,25674,870,7668,1316,104,4800,427,286,2276,665
21237,30129,1309,16581,1072,9760,1160,57,2254,745,549,1578,718
21239,30424,1274,4382,488,23992,1191,73,480,688,466,1764,709
21240,0,12,0,12,0,12,12,0,0,36,0,36
21244,36394,1313,5293,978,26418,1294,267,3553,673,804,914,444
21250,2367,465,1566,362,559,156,12,111,21,57,220,125
21251,965,171,235,75,628,185,12,60,4,35,76,56
21252,2383,534,1475,307,595,233,17,146,29,53,276,172
21286,19849,844,15370,855,2391,442,40,1065,231,224,1584,555
21401,38315,1298,29543,1532,5742,707,41,839,1458,730,1466,567
21402,6669,1756,4738,1199,739,413,57,442,213,200,1074,332
21403,31377,1115,21765,1275,5146,603,52,426,2869,1051,2342,846
21405,337,149,337,149,0,12,12,0,0,36,0,36
21409,19931,600,17504,606,1042,209,58,326,360,354,1398,625
21502,42391,687,36035,718,4587,240,28,377,204,121,2376,434
21520,2200,422,2191,421,1,2,3,2,2,27,8,22
21521,1102,170,1086,170,0,12,12,0,9,36,14,42
21522,233,112,233,112,0,12,12,0,0,36,0,36
21523,188,93,151,87,0,12,12,23,0,36,28,62
21524,775,279,686,235,38,47,12,0,0,36,102,152
21529,434,140,425,136,0,12,12,0,0,36,18,40
21530,1859,278,1816,282,13,14,12,12,14,49,8,28
21531,1868,264,1843,257,4,9,3,0,1,27,40,58
21532,14726,502,12902,555,1140,168,32,245,92,111,694,369
21536,4123,401,4047,393,29,27,10,27,7,34,26,38
21538,410,128,407,127,0,12,2,2,1,26,0,36
21539,2606,319,2553,313,20,42,12,22,4,31,14,32
21540,102,53,99,53,0,12,12,0,0,36,6,20
21541,1421,285,1234,255,100,49,13,16,21,44,100,90
21542,687,164,655,158,0,12,4,3,3,18,52,64
21543,276,121,276,121,0,12,12,0,0,36,0,36
21545,1740,179,1708,177,13,18,13,0,19,31,0,36
21550,14077,514,13722,518,77,61,9,44,21,47,426,187
21555,1586,263,1532,251,4,5,12,22,0,36,56,84
21557,1410,379,1410,379,0,12,12,0,0,36,0,36
21561,2464,324,2336,303,12,12,12,0,9,41,214,186
21562,3519,354,3489,349,8,12,12,0,0,36,44,56
21601,23399,477,18720,519,2628,395,63,409,317,238,2650,952
21607,737,209,616,193,84,97,12,0,37,82,0,36
21610,433,126,341,75,39,26,12,0,0,36,106,154
21612,381,129,346,115,0,12,12,0,0,36,70,101
21613,17132,359,9397,501,6011,417,10,250,199,187,2550,809
21617,10570,636,9513,640,770,289,4,149,60,87,156,237
21619,5964,506,5352,450,376,181,17,42,73,99,242,201
21620,12850,694,10464,585,1867,319,19,176,97,123,492,224
21622,854,212,810,215,38,40,7,0,5,31,2,18
21623,1989,296,1624,261,235,115,14,2,85,120,86,65
21624,175,147,175,147,0,12,12,0,0,36,0,36
21625,2583,269,2351,257,223,91,14,0,9,38,0,36
21626,60,38,60,38,0,12,12,0,0,36,0,36
21627,0,12,0,12,0,12,12,0,0,36,0,36
21628,448,252,412,255,36,60,12,0,0,36,0,36
21629,9396,418,7775,481,1292,315,8,40,73,96,432,223
21631,2814,440,2462,465,171,98,12,11,73,103,194,170
21632,6078,436,4215,436,1361,209,81,23,158,177,642,267
21634,198,90,198,90,0,12,12,0,0,36,0,36
21635,1983,292,1744,251,60,54,21,3,138,194,76,102
21636,1015,279,868,250,57,55,12,0,52,105,76,104
21638,5130,416,4485,358,477,228,27,12,132,151,48,65
21639,5279,450,4692,456,347,127,17,22,78,111,280,179
21640,1499,305,1362,288,47,70,12,0,90,138,0,36
21641,88,38,88,38,0,12,12,0,0,36,0,36
21643,5864,464,3917,424,1559,364,17,69,62,108,514,324
21644,90,52,82,50,8,12,12,0,0,36,0,36
21645,1261,282,1246,277,12,22,12,0,0,36,6,26
21647,288,109,256,108,21,25,12,0,0,36,22,46
21648,175,74,155,69,9,19,12,0,11,46,0,36
21649,1935,389,1545,359,15,20,17,10,306,200,118,117
21650,246,138,158,97,0,12,12,0,88,130,0,36
21651,2894,473,2262,394,544,236,8,25,14,31,98,63
21652,118,61,118,61,0,12,12,0,0,36,0,36
21653,143,79,143,79,0,12,12,0,0,36,0,36
21654,986,150,934,144,41,29,12,10,1,27,0,36
21655,4747,348,3923,305,509,124,15,49,234,192,64,79
21657,910,195,840,196,1,4,12,29,0,36,80,100
21658,3987,386,3612,374,180,109,12,73,106,142,32,46
21659,1356,361,1080,274,275,230,12,0,0,36,2,16
21660,4292,364,2999,360,1048,307,12,97,2,28,292,156
21661,2487,268,1970,248,396,146,4,8,34,66,158,170
21662,418,105,336,78,82,66,12,0,0,36,0,36
21663,3424,268,2839,286,330,172,7,54,4,31,394,394
21664,445,107,389,99,5,7,12,3,16,48,64,96
21665,215,105,205,107,10,17,12,0,0,36,0,36
21666,12836,578,11464,634,733,357,19,197,37,75,810,327
21667,292,119,292,119,0,12,12,0,0,36,0,36
21668,1816,296,1721,295,56,26,7,0,17,33,44,60
21669,254,146,234,144,15,21,7,0,5,31,0,36
21671,984,254,980,253,0,12,12,0,0,36,8,26
21672,161,72,155,71,0,12,12,3,0,36,6,26
21673,3270,272,2643,258,541,151,12,30,0,36,112,116
21675,90,49,90,49,0,12,12,0,0,36,0,36
21676,424,145,413,144,11,23,12,0,0,36,0,36
21677,446,121,440,122,0,12,12,6,0,36,0,36
21678,1842,330,1600,319,215,167,12,16,0,36,22,46
21679,289,120,289,120,0,12,12,0,0,36,0,36
21701,37017,1104,30179,1010,4437,394,50,793,490,309,2236,580
21702,41815,928,29601,1123,7736,835,116,2283,985,414,2420,858
21703,37473,1143,25002,1250,5891,542,115,3276,1648,648,3312,837
21704,16887,673,11722,785,1403,324,116,2520,397,362,1690,621
21705,3,8,0,12,3,8,12,0,0,36,0,36
21710,4859,297,4315,345,308,162,66,109,49,90,156,129
21711,1076,277,1076,277,0,12,12,0,0,36,0,36
21713,10728,885,9863,889,425,374,16,153,53,75,468,367
21714,216,213,216,213,0,12,12,0,0,36,0,36
21716,5078,261,4325,280,368,196,17,28,0,51,714,369
21717,77,84,77,84,0,12,12,0,0,36,0,36
21718,151,53,146,51,0,12,12,0,2,28,6,20
21719,1002,158,943,149,26,28,12,6,11,38,32,58
21722,5748,638,5584,630,12,14,17,56,25,71,142,160
21723,759,204,605,169,0,12,12,154,0,36,0,36
21727,6792,357,5776,412,590,189,13,112,56,61,516,218
21733,897,286,815,267,0,12,12,0,28,71,108,170
21734,816,191,777,177,11,18,8,11,3,32,28,43
21737,2462,591,2090,553,43,61,12,230,0,36,198,204
21738,3827,443,3302,448,60,66,153,250,174,209,82,140
21740,61768,1290,46351,1282,9773,749,46,1159,1208,477,6554,1222
21742,33483,1003,27071,997,3100,575,40,1105,423,309,3568,1179
21746,3008,204,1038,164,1817,162,26,36,50,70,134,100
21750,3694,275,3594,267,11,16,12,23,12,44,108,99
21754,6667,700,5384,600,343,173,36,313,422,570,410,219
21755,5603,416,4974,325,144,98,9,105,150,218,460,252
21756,3056,466,2919,458,51,52,3,28,1,27,114,105
21757,2793,262,2701,254,53,44,12,0,19,41,40,64
21758,5127,529,4345,498,416,220,4,121,64,82,362,241
21762,202,178,162,139,0,12,12,40,0,36,0,36
21766,483,153,483,153,0,12,12,0,0,36,0,36
21767,650,195,650,195,0,12,12,0,0,36,0,36
21769,11629,495,10704,550,240,155,18,269,119,144,594,381
21770,5513,576,4937,570,204,225,17,93,120,176,318,159
21771,29901,1078,27561,1065,796,242,106,424,325,252,1590,686
21773,5431,388,5126,369,84,61,11,67,80,118,148,103
21774,13092,348,11722,435,511,244,19,236,85,89,1076,408
21776,5516,435,5134,416,50,42,59,126,44,93,324,203
21777,1868,216,1544,219,92,53,12,106,13,44,226,195
21778,909,212,903,213,0,12,12,0,0,36,12,32
21779,1032,387,995,377,0,12,12,20,0,36,34,68
21780,1614,279,1512,243,60,106,12,4,21,56,34,64
21781,153,146,120,139,15,22,12,6,0,36,24,56
21782,4495,482,4478,484,12,14,12,2,0,36,6,26
21783,8894,486,8435,497,220,113,20,55,86,90,196,133
21784,37365,855,33693,867,1294,254,77,1273,262,210,1686,589
21787,10173,463,9637,465,285,179,21,99,26,61,252,154
21788,11910,460,11571,484,82,73,19,50,23,56,368,227
21790,157,142,157,142,0,12,12,0,0,36,0,36
21791,5245,425,5024,423,96,78,17,40,21,43,128,111
21793,10416,606,8560,624,1137,365,53,289,84,106,692,419
21794,2277,455,1470,323,124,105,12,526,0,36,314,308
21795,9147,574,8130,695,476,227,44,64,59,84,836,607
21797,8873,759,7880,781,281,189,21,248,60,93,808,415
21798,2057,245,1918,236,43,48,12,17,29,59,100,100
21801,29866,1191,17239,1020,10552,713,47,1234,196,181,1290,718
21802,90,42,55,48,35,35,12,0,0,36,0,36
21804,40877,1220,26269,1144,10821,703,107,1397,991,583,2798,889
21810,814,552,754,541,60,95,12,0,0,36,0,36
21811,24071,625,20709,616,2149,278,25,487,184,184,1084,326
21813,2672,445,2637,444,35,36,12,0,0,36,0,36
21814,268,205,215,200,0,12,12,53,0,36,0,36
21817,4515,299,3327,279,1066,203,12,13,63,126,92,108
21821,871,134,704,138,128,90,12,0,10,27,58,82
21822,1687,376,1227,320,375,194,76,8,53,100,48,74
21824,101,57,101,57,0,12,12,0,0,36,0,36
21826,5325,157,2978,463,1745,409,17,236,174,156,384,330
21829,401,123,386,125,0,12,12,15,0,36,0,36
21830,4060,667,3575,651,425,292,12,3,10,31,94,108
21835,337,146,211,114,114,109,12,0,0,36,24,48
21837,3200,372,2383,317,792,182,12,0,9,38,32,50
21838,1657,266,1266,221,282,131,12,8,33,67,136,136
21840,438,253,330,244,108,95,12,0,0,36,0,36
21841,1580,358,926,253,547,292,12,0,0,36,214,216
21842,10655,384,9866,387,463,241,58,7,70,124,498,230
21849,3577,511,3209,532,250,233,12,16,0,36,204,152
21850,2935,515,2788,512,63,47,14,25,13,35,92,76
21851,6949,405,4436,379,2315,249,16,73,13,50,224,179
21853,11957,668,4811,427,6500,434,19,219,109,129,636,443
21856,875,379,490,347,285,135,12,0,0,36,200,182
21861,689,148,669,145,6,10,12,0,0,36,28,54
21862,90,134,90,134,0,12,12,0,0,36,0,36
21863,4657,389,3248,323,1140,200,12,36,35,57,396,284
21864,548,193,444,167,89,78,12,0,0,36,30,58
21865,594,281,570,279,24,43,12,0,0,36,0,36
21866,48,39,48,39,0,12,12,0,0,36,0,36
21867,23,24,23,24,0,12,12,0,0,36,0,36
21869,1145,223,779,151,342,164,8,0,23,59,2,16
21871,2198,503,1555,437,552,169,12,0,0,36,182,174
21872,379,180,369,183,10,16,12,0,0,36,0,36
21874,1874,347,1555,353,98,78,12,3,183,197,70,44
21875,6676,818,4706,889,1364,416,45,240,193,297,346,295
21890,2816,230,754,137,1884,178,33,13,107,77,116,68
21901,16790,1242,15176,1123,795,324,19,359,55,82,810,438
21902,215,157,91,37,111,114,12,0,0,36,26,58
21903,5947,610,5057,729,493,307,17,163,41,92,386,339
21904,7075,700,6489,696,401,220,17,3,52,98,260,211
21911,11130,648,10504,676,69,52,25,58,113,175,772,427
21912,1139,378,1091,369,48,76,12,0,0,36,0,36
21913,880,291,779,274,67,43,38,0,34,69,0,36
21914,860,306,727,240,8,13,12,0,0,36,250,380
21915,2949,482,2914,479,11,15,12,7,0,36,34,42
21916,44,64,42,66,2,4,12,0,0,36,0,36
21917,2127,357,2062,347,13,12,46,0,27,70,50,82
21918,3692,460,3616,465,19,23,48,0,36,71,42,88
21919,2919,412,2846,418,24,31,12,0,0,36,98,162
21920,491,192,491,192,0,12,12,0,0,36,0,36
21921,46162,1323,38052,1233,4913,706,25,856,769,376,3144,853
21930,132,175,132,175,0,12,12,0,0,36,0,36
22003,59375,1464,30839,1180,4878,944,331,11976,9155,1844,5054,1649
22015,44523,851,30983,910,3034,516,130,7293,1216,555,3994,973
22025,18909,898,11883,719,4494,737,40,1174,526,319,1664,721
22026,16465,1026,5665,631,7239,998,64,1117,1046,584,2796,1079
22027,2003,407,1394,396,8,13,12,528,4,33,138,166
22030,59332,1318,36331,1201,5644,751,44,12473,1935,592,5898,1177
22031,33379,1310,18286,1157,2457,674,59,9636,1217,632,3566,1148
22032,31201,992,22549,940,1278,344,57,5646,365,243,2726,664
22033,39478,1051,22142,1084,2917,556,57,11789,737,555,3786,962
22035,0,12,0,12,0,12,12,0,0,36,0,36
22039,17598,623,14004,737,810,257,19,2222,116,124,892,376
22041,28429,1317,13509,1171,4515,683,15,3886,5185,978,2668,922
22042,35174,1153,19720,1357,1949,514,77,7023,5237,1126,2490,736
22043,24806,1035,14852,948,848,217,60,5927,2275,813,1808,681
22044,13616,798,8560,891,749,268,14,2181,1741,598,770,336
22046,18698,584,14350,526,744,216,37,2043,699,316,1724,452
22060,9489,540,6249,593,1573,357,21,542,392,239,1466,603
22066,17767,729,13334,755,299,198,52,3175,184,187,1550,656
22079,36559,1636,17071,1582,9099,1173,45,6823,1868,1036,3396,810
22101,29892,973,22562,955,701,301,34,5353,328,188,1896,538
22102,25627,1066,14958,946,1207,419,49,8117,344,272,2002,677
22124,18530,867,13846,718,260,153,108,3007,538,502,1758,636
22125,955,236,576,113,112,88,12,176,8,36,166,168
22134,7537,666,5132,603,1302,452,92,329,367,292,814,359
22150,28905,880,16058,1221,3383,691,105,6179,2507,1054,1556,575
22151,17917,870,11057,953,856,254,63,4270,757,520,1954,1079
22152,30624,627,19659,657,2827,434,52,5105,1234,421,3598,956
22153,31196,705,21324,878,3353,439,94,3971,905,442,3286,718
22172,9934,781,4282,552,3271,473,23,643,1108,564,1260,631
22180,24366,803,17048,693,735,285,33,4348,633,467,3204,952
22181,15350,803,10293,699,777,429,19,2721,628,660,1862,849
22182,26124,941,17921,776,994,387,33,5668,244,175,2594,846
22185,0,12,0,12,0,12,12,0,0,36,0,36
22191,71019,2117,28690,2024,23069,1574,326,5626,9955,1776,7358,1638
22192,58690,1559,33688,1408,13229,997,91,4669,3524,1127,7160,1377
22193,82309,1632,37094,1879,21085,1230,217,7466,12219,2015,8890,1754
22201,38541,853,29879,773,1904,365,53,3930,1231,491,3194,810
22202,25409,918,17264,867,2574,484,90,3712,560,425,2598,643
22203,24309,1032,17315,893,1556,341,34,2934,1621,633,1766,488
22204,54617,1518,29697,1245,10001,791,164,6777,6081,1390,4122,1194
22205,18982,956,15889,846,686,310,19,1059,744,549,1208,403
22206,20508,990,15699,888,2470,504,182,896,638,517,1610,481
22207,33170,885,28266,831,1208,265,33,2033,787,637,1752,516
22209,13227,644,9380,540,687,248,18,2184,418,333,1116,562
22211,1353,477,1012,368,161,96,67,54,126,161,0,36
22213,3713,483,2817,428,113,113,63,400,136,163,494,306
22214,0,12,0,12,0,12,12,0,0,36,0,36
22301,13377,642,11568,585,646,245,95,420,167,194,1152,444
22302,17566,921,12626,881,2390,441,15,1163,756,395,1262,501
22303,14558,800,8990,745,2071,458,19,1758,940,367,1598,891
22304,48510,1242,25284,1031,14346,1041,107,3875,1752,738,6506,2010
22305,18579,841,11453,925,2450,419,17,992,2870,931,1628,753
22306,35425,1615,19405,1674,8208,955,18,2861,3274,1113,3354,1086
22307,9902,590,8279,486,609,231,35,505,163,150,692,305
22308,13610,532,12616,520,271,168,19,370,79,90,548,230
22309,37464,1397,19883,1486,9083,1078,125,3234,2492,974,5544,1858
22310,32380,1272,19946,961,5141,672,111,4317,1014,479,3924,1013
22311,19002,1084,9618,816,6041,1045,92,1022,1004,517,2634,873
22312,32566,1258,14521,1336,8976,1219,168,5021,1860,790,4376,1702
22314,34378,880,26091,745,4854,702,74,1464,740,442,2458,725
22315,29470,958,18353,1027,5318,650,39,3524,711,347,3128,852
22401,28622,*****,17839,294,6322,543,60,764,1655,451,4084,1229
22405,31747,1140,24568,1054,4128,738,81,762,672,544,3234,902
22406,26256,916,17968,912,5276,657,56,664,1391,572,1914,814
22407,58826,1147,40324,1086,10439,762,122,1781,3549,806,5466,1147
22408,30285,918,20805,792,5466,633,117,900,1506,654,3216,834
22427,5349,965,3332,686,1463,558,38,74,258,202,444,349
22432,241,222,62,61,179,216,12,0,0,36,0,36
22433,427,250,391,262,36,62,12,0,0,36,0,36
22435,2471,484,1624,299,832,348,12,0,0,36,30,60
22436,736,261,125,77,552,249,12,59,0,36,0,36
22437,888,310,535,181,162,170,12,0,191,208,0,36
22438,358,153,138,104,220,143,12,0,0,36,0,36
22443,8872,547,6672,467,1330,197,62,110,446,390,628,315
22448,646,167,491,140,89,51,12,13,6,35,94,81
22454,1746,364,1312,303,422,239,12,0,0,36,24,48
22460,1344,314,1113,261,231,142,12,0,0,36,0,36
22469,1738,459,844,307,854,283,12,17,14,56,18,56
22473,5061,632,3112,341,1836,516,17,0,0,51,226,249
22476,238,155,108,151,120,94,12,0,0,36,20,44
22480,647,128,632,126,10,14,12,2,0,36,6,28
22482,3173,518,2154,408,925,283,34,26,24,57,88,95
22485,25606,170,20033,183,4199,200,37,338,150,119,1772,558
22488,860,333,589,282,271,165,12,0,0,36,0,36
22503,3208,323,2318,221,826,256,12,64,0,36,0,36
22504,384,320,165,92,47,64,12,0,122,182,100,146
22508,14750,690,12449,687,1174,299,18,325,274,222,1056,715
22509,102,92,102,92,0,12,12,0,0,36,0,36
22511,871,222,815,217,56,45,12,0,0,36,0,36
22514,2195,341,1622,292,338,101,17,62,44,65,258,169
22520,5636,520,3639,397,1808,381,25,2,71,91,232,221
22529,154,133,30,49,124,126,12,0,0,36,0,36
22530,168,139,168,139,0,12,12,0,0,36,0,36
22534,3228,443,2860,388,250,182,4,77,2,28,78,94
22535,554,224,325,159,102,77,12,0,118,192,18,50
22538,121,81,21,31,100,75,12,0,0,36,0,36
22539,2234,431,1998,382,186,195,12,0,0,36,100,142
22542,1761,472,1433,414,229,205,121,0,99,145,0,36
22546,16334,916,10813,638,4674,552,20,152,211,223,968,499
22548,511,482,189,177,0,12,12,0,0,36,644,646
22551,19571,880,15635,877,2389,406,90,146,928,557,946,356
22553,15761,848,11789,669,2485,430,20,235,492,291,1520,636
22554,57447,1471,35655,1168,11410,882,75,2504,4320,1251,7116,1488
22556,29386,1225,19199,899,4865,749,33,911,2639,881,3544,989
22560,6435,455,3584,356,2728,328,9,9,3,43,222,159
22567,3552,672,2776,537,600,406,18,0,38,81,276,372
22572,7227,502,4402,419,2350,352,21,30,288,211,314,291
22576,2513,422,1379,255,1134,354,12,0,0,36,0,36
22578,2526,324,1874,210,652,288,12,0,0,36,0,36
22579,71,89,38,47,0,12,12,14,0,36,38,72
22580,5074,572,3638,443,892,223,17,10,254,267,560,398
22601,28925,390,23747,463,2924,348,48,645,404,271,2410,761
22602,29616,901,26619,922,1315,419,72,427,269,212,1972,635
22603,16030,926,14840,903,568,241,7,139,238,227,490,389
22610,1735,286,1683,282,27,37,12,25,0,36,0,36
22611,8954,372,7960,413,449,143,17,86,182,196,554,296
22620,2653,407,2438,386,95,46,12,16,11,43,186,129
22623,966,244,966,244,0,12,12,0,0,36,0,36
22624,2816,391,2714,386,73,106,12,0,29,58,0,36
22625,3469,455,3303,473,30,39,100,0,76,124,120,118
22627,704,204,570,153,71,78,12,0,63,110,0,36
22630,32321,864,28254,939,1596,223,95,363,764,426,2688,674
22637,2443,489,2431,490,0,12,12,12,0,36,0,36
22639,544,173,515,173,0,12,50,0,29,74,0,36
22640,459,173,442,171,0,12,12,0,17,52,0,36
22641,359,197,359,197,0,12,12,0,0,36,0,36
22642,5022,651,4581,651,147,147,17,71,105,126,236,253
22643,289,118,230,102,59,76,12,0,0,36,0,36
22644,2376,346,2371,347,5,5,12,0,0,36,0,36
22645,4279,392,4032,404,107,82,8,53,16,40,142,124
22646,83,75,36,33,39,61,12,0,8,37,0,36
22650,499,145,479,137,0,12,12,20,0,36,0,36
22652,1543,328,1501,325,0,12,12,0,0,36,84,107
22654,875,269,875,269,0,12,12,0,0,36,0,36
22655,21982,700,19345,837,970,351,58,355,283,320,2058,761
22656,3527,400,3105,389,219,236,12,152,51,109,0,36
22657,10738,677,10020,686,244,119,19,32,56,109,772,324
22660,1943,379,1838,364,39,38,12,0,0,36,132,180
22663,1108,284,1054,288,54,67,12,0,0,36,0,36
22664,9457,559,8655,553,162,92,17,329,83,125,456,315
22701,35495,1129,25876,1171,5900,431,51,558,2061,738,2200,782
22709,1414,463,1299,447,115,94,12,0,0,36,0,36
22711,26,41,26,41,0,12,12,0,0,36,0,36
22712,9094,618,7319,673,803,235,66,191,218,174,1126,684
22713,1721,405,1678,409,29,51,12,13,1,28,0,36
22714,1133,339,920,325,125,102,12,0,0,36,176,202
22715,1230,400,1219,398,0,12,12,0,11,45,0,36
22716,507,135,479,129,18,33,12,0,0,36,20,52
22718,528,238,528,238,0,12,12,0,0,36,0,36
22719,255,157,255,157,0,12,12,0,0,36,0,36
22720,1030,238,1001,238,13,27,12,0,16,48,0,36
22722,244,155,244,155,0,12,12,0,0,36,0,36
22723,121,100,121,100,0,12,12,0,0,36,0,36
22724,2102,418,1553,335,174,112,61,198,77,97,200,218
22726,743,201,565,174,132,105,12,0,25,62,42,66
22727,5765,522,4637,504,760,230,17,12,76,118,560,373
22728,2834,452,2637,441,193,116,12,4,0,36,0,36
22729,1312,238,608,109,506,148,20,21,87,78,180,161
22730,223,200,132,198,91,100,12,0,0,36,0,36
22731,39,66,39,66,0,12,12,0,0,36,0,36
22732,217,199,108,98,0,12,12,0,0,36,218,336
22733,917,229,725,225,106,56,12,61,0,36,50,70
22734,3480,501,2718,428,404,155,50,8,150,208,400,343
22735,2764,680,2172,453,229,212,18,0,150,160,426,625
22736,810,295,643,216,0,12,64,0,130,208,74,98
22737,3348,522,3118,511,82,81,12,51,16,51,162,200
22738,1513,458,1328,425,78,89,12,38,0,36,138,236
22740,873,191,841,181,32,35,12,0,0,36,0,36
22741,165,158,165,158,0,12,12,0,0,36,0,36
22742,1889,255,1786,266,25,23,34,12,31,58,70,70
22743,259,253,259,253,0,12,12,0,0,36,0,36
22747,1367,255,1169,259,113,69,94,0,76,112,18,34
22749,228,121,200,119,28,33,12,0,0,36,0,36
22801,41572,1169,34791,1204,2870,552,26,1498,566,330,3694,1302
22802,29069,1141,23365,1208,2138,490,117,550,485,380,5062,1838
22807,3161,371,2478,323,171,75,12,310,13,44,378,166
22810,613,215,552,201,0,12,12,0,0,36,122,200
22811,619,236,619,236,0,12,12,0,0,36,0,36
22812,8952,347,8473,391,266,87,17,30,120,118,126,113
22815,9337,644,9008,622,82,78,32,12,115,154,240,187
22820,287,195,287,195,0,12,12,0,0,36,0,36
22821,5428,623,5239,599,35,40,17,120,5,42,58,68
22824,6253,574,6086,555,123,98,17,9,0,51,70,79
22827,10289,602,9614,585,403,179,153,66,153,191,106,111
22830,1867,305,1827,297,0,12,12,0,10,40,60,118
22831,1199,311,1178,308,13,21,12,0,0,36,16,38
22832,1085,253,1057,247,0,12,46,0,28,70,0,36
22834,1055,279,1055,279,0,12,12,0,0,36,0,36
22835,11593,526,10910,532,228,74,31,26,47,85,764,293
22840,4679,550,4232,457,195,151,58,17,42,82,386,355
22841,2747,374,2673,366,51,63,12,4,14,39,10,15
22842,5374,446,4606,426,162,89,21,35,277,180,588,346
22843,2492,243,2405,242,0,12,12,0,15,42,144,152
22844,4802,397,4619,404,80,50,43,15,72,103,32,48
22845,9,14,9,14,0,12,12,0,0,36,0,36
22846,2291,595,2173,601,24,34,33,19,75,125,0,36
22847,861,229,846,231,0,12,12,0,15,48,0,36
22849,5318,432,5153,471,69,70,17,18,26,74,104,155
22850,1102,309,1064,318,19,33,12,12,0,36,14,38
22851,6057,472,5808,482,30,42,17,39,108,127,144,165
22853,3982,307,3721,359,15,14,12,13,190,189,86,130
22901,35372,1122,27598,1131,4730,605,102,1930,344,277,1540,630
22902,25245,968,19213,893,4048,493,58,911,489,402,1168,548
22903,40652,1099,29275,1013,5998,668,59,3935,217,178,2454,640
22904,4834,868,3258,771,365,108,16,870,38,51,606,241
22911,17441,797,14636,804,1279,286,36,797,187,191,1084,433
22920,3876,433,3502,385,74,61,12,31,132,155,274,166
22922,2145,485,1201,395,944,335,12,0,0,36,0,36
22923,5653,515,5340,497,242,156,17,44,0,51,54,91
22931,273,147,255,150,0,12,12,1,17,45,0,36
22932,7721,680,7035,682,353,228,4,163,26,51,288,180
22935,965,351,923,347,20,26,12,0,3,30,38,68
22936,4891,470,4597,474,60,63,11,86,44,64,208,140
22937,2320,476,1245,410,1039,259,12,20,16,48,0,36
22938,1378,358,1260,353,118,100,12,0,0,36,0,36
22939,6369,604,5801,612,339,160,27,22,127,135,160,154
22940,1406,420,1389,413,17,23,12,0,0,36,0,36
22942,9774,850,7968,809,1311,338,12,46,49,76,800,519
22943,538,234,408,207,130,158,12,0,0,36,0,36
22946,138,108,134,108,0,12,12,4,0,36,0,36
22947,3956,403,3255,350,431,180,36,131,30,60,218,248
22948,165,97,165,97,0,12,12,0,0,36,0,36
22949,1066,305,665,220,401,288,12,0,0,36,0,36
22952,1792,344,1729,342,11,17,12,52,0,36,0,36
22958,1998,296,1915,301,83,76,12,0,0,36,0,36
22959,1380,299,1217,272,127,98,37,0,23,61,26,52
22960,10079,751,7832,679,1643,397,19,26,67,127,1022,456
22963,16571,752,13585,622,1939,303,29,278,239,302,1060,411
22964,298,159,246,146,52,98,12,0,0,36,0,36
22967,2048,577,1771,515,194,149,12,0,30,68,106,118
22968,10562,623,8613,577,658,275,47,332,329,226,1260,573
22969,1866,572,1866,572,0,12,12,0,0,36,0,36
22971,1749,462,1626,452,76,108,12,0,47,84,0,36
22972,267,186,158,119,109,114,12,0,0,36,0,36
22973,5915,601,5316,532,319,174,20,19,105,230,312,263
22974,5115,536,3991,509,870,199,19,4,97,124,306,277
22976,587,251,573,247,0,12,12,14,0,36,0,36
22980,32337,670,27736,727,3419,354,49,239,297,242,1292,435
22989,17,28,17,28,0,12,12,0,0,36,0,36
23002,9986,720,7712,687,2196,330,40,0,24,74,108,139
23004,750,273,339,150,407,219,12,0,4,28,0,36
23005,17602,619,13557,726,3083,484,40,167,315,267,960,297
23009,6629,541,5535,492,886,337,17,32,0,51,352,359
23011,1345,253,884,204,400,126,38,0,22,60,78,72
23015,3853,726,3468,687,251,168,12,31,4,33,198,206
23021,322,289,273,279,49,75,12,0,0,36,0,36
23022,917,330,501,301,401,208,12,0,0,36,30,62
23023,675,361,465,216,210,268,12,0,0,36,0,36
23024,8502,737,7399,627,879,414,26,87,17,60,240,193
23025,179,157,40,76,139,147,12,0,0,36,0,36
23027,1116,325,818,280,253,191,12,0,0,36,90,178
23030,4765,186,2062,131,2322,146,34,35,229,58,234,119
23032,413,188,259,119,29,37,12,0,40,78,170,202
23035,1518,499,1379,479,27,37,12,0,0,36,224,238
23038,1513,373,1082,340,385,203,20,25,13,44,16,36
23039,1056,262,682,170,346,141,12,0,28,59,0,36
23040,4747,606,2873,441,1608,347,12,65,0,36,402,458
23043,2036,400,1537,217,69,104,28,0,309,397,242,147
23045,134,125,134,125,0,12,12,0,0,36,0,36
23047,1888,417,1297,314,515,249,12,0,66,130,20,44
23050,685,306,685,306,0,12,12,0,0,36,0,36
23055,763,248,545,184,152,127,12,0,1,27,130,206
23056,428,202,375,208,38,62,12,0,0,36,30,66
23059,36070,1248,24123,989,3547,866,64,7213,98,135,2178,1142
23060,37554,1459,22946,874,7358,1008,142,5015,473,355,3524,1403
23061,21271,686,18507,801,2233,385,23,212,27,79,584,332
23062,2246,407,1930,427,298,229,12,0,0,36,36,72
23063,4720,616,3064,579,1525,230,12,11,0,36,240,227
23064,253,193,253,193,0,12,12,0,0,36,0,36
23065,1472,379,1145,355,273,141,12,0,31,75,46,122
23066,100,86,100,86,0,12,12,0,0,36,0,36
23068,195,187,195,187,0,12,12,0,0,36,0,36
23069,2883,494,1994,378,816,250,8,0,23,36,100,144
23070,328,122,326,121,0,12,12,0,0,36,4,22
23071,1523,331,1406,311,103,94,19,2,12,43,0,36
23072,12377,693,11036,692,738,282,17,70,11,55,1044,484
23075,9414,1167,3223,544,5634,1048,67,0,426,449,262,241
23076,872,388,751,388,74,100,81,0,37,100,20,56
23079,409,183,344,141,45,56,12,0,0,36,40,72
23083,2616,699,2017,670,293,137,12,0,0,36,612,474
23084,1897,492,1448,457,354,245,12,22,0,36,146,162
23085,557,339,391,276,166,192,12,0,0,36,0,36
23086,3638,503,2499,450,929,277,53,20,100,75,180,130
23089,5695,696,5031,719,432,249,39,23,55,94,308,261
23091,245,204,202,196,43,48,12,0,0,36,0,36
23092,568,205,446,166,122,123,12,0,0,36,0,36
23093,13992,743,10176,678,2801,357,55,52,209,190,1508,473
23102,3312,484,2754,474,361,182,12,90,0,36,214,182
23103,5525,467,4765,451,525,217,17,209,26,69,0,51
23106,1019,271,850,269,141,91,12,0,0,36,56,92
23108,89,76,66,68,23,42,12,0,0,36,0,36
23109,2084,522,1645,478,330,168,12,53,0,36,112,142
23110,385,144,332,130,34,40,12,0,0,36,38,80
23111,36846,746,31094,793,3396,442,120,591,573,363,2384,743
23112,53168,1170,40124,974,8545,961,61,2374,554,353,3142,1158
23113,25021,653,21335,755,1706,513,23,1323,179,154,956,450
23114,19628,658,15550,616,1763,363,19,1742,96,132,954,463
23115,49,54,2,13,47,54,12,0,0,36,0,36
23116,31059,862,28254,775,1665,315,30,482,167,127,982,354
23117,9353,648,7973,647,927,392,40,18,246,271,378,279
23119,319,193,319,193,0,12,12,0,0,36,0,36
23120,10478,705,9102,631,828,347,19,199,75,127,548,393
23123,1922,338,1043,204,842,282,12,0,0,36,74,98
23124,4526,716,3975,671,371,253,12,71,65,105,88,96
23125,401,304,401,304,0,12,12,0,0,36,0,36
23126,496,186,192,120,160,125,12,0,0,36,288,266
23128,707,343,661,339,42,52,12,0,0,36,8,26
23129,767,303,686,284,81,82,12,0,0,36,0,36
23130,223,189,223,189,0,12,12,0,0,36,0,36
23138,625,303,514,254,107,164,12,0,0,36,8,28
23139,24647,446,22392,386,1689,231,35,34,86,114,892,438
23140,6431,625,4014,554,1556,264,78,87,344,173,860,606
23141,7026,732,5613,651,982,287,34,94,107,97,460,327
23146,3257,426,2882,398,223,123,12,57,0,36,190,210
23148,1799,361,1151,315,559,240,12,0,0,36,178,164
23149,3116,510,2415,425,531,202,6,3,10,31,314,296
23150,12862,924,8908,658,3465,793,144,69,207,205,426,281
23153,1372,381,1073,383,251,152,12,0,0,36,96,166
23156,1811,341,1399,331,276,119,12,0,49,97,174,180
23160,2557,200,889,126,1493,154,22,39,84,71,104,82
23161,111,101,111,101,0,12,12,0,0,36,0,36
23163,27,37,27,37,0,12,12,0,0,36,0,36
23168,7703,696,5510,587,1372,464,17,170,31,75,1240,602
23169,1069,317,1004,316,65,81,12,0,0,36,0,36
23173,2227,270,1336,258,331,101,14,419,41,53,200,116
23175,1575,252,1075,194,422,182,18,4,42,70,64,90
23176,370,183,320,172,50,67,12,0,0,36,0,36
23177,664,253,199,100,443,227,12,0,0,36,44,102
23180,633,206,535,193,98,80,12,0,0,36,0,36
23181,5232,399,4502,405,383,156,21,149,55,61,286,153
23185,47894,1148,37282,992,6369,716,147,1884,698,395,3322,875
23187,251,140,176,130,28,28,12,27,0,36,40,76
23188,44499,1265,35591,1222,6190,776,46,1037,281,248,2800,730
23192,6903,683,5832,666,844,279,47,94,38,81,190,269
23219,4504,347,2247,289,1676,286,74,278,78,113,450,256
23220,34934,1436,20652,1006,11149,1088,49,1624,370,230,2278,494
23221,14842,638,12841,630,1171,325,19,359,135,116,672,241
23222,27212,1198,4728,513,21037,1150,44,251,246,187,1900,669
23223,52309,1985,9349,715,39840,1838,38,602,691,424,3654,1043
23224,40546,1731,11371,1329,25606,1622,79,391,1283,505,3790,1195
23225,42937,1494,19487,834,19853,1266,70,798,1208,522,3182,1295
23226,16458,657,14479,635,899,224,46,663,109,91,616,318
23227,25931,1168,11220,727,12851,1025,86,613,313,266,1868,785
23228,35704,1349,20218,1031,9768,893,32,1628,2037,730,4106,1561
23229,35325,1157,28200,1203,3174,707,28,1852,1220,661,1758,954
23230,6871,579,4980,489,881,236,23,414,451,250,290,195
23231,36564,1235,12832,765,22190,1212,44,125,386,279,2062,623
23233,31605,917,23481,943,2200,506,26,5088,72,88,1528,593
23234,44783,1560,15991,1346,22122,1331,880,1019,4590,1834,2122,731
23235,32627,1007,24073,835,5089,657,26,1208,1186,550,2142,918
23236,24286,783,17625,753,4629,540,110,422,758,478,1704,646
23237,24711,1039,15429,907,6728,931,27,451,1212,561,1782,613
23238,26132,1149,20866,1102,2639,541,23,1194,486,392,1894,708
23250,0,12,0,12,0,12,12,0,0,36,0,36
23294,18091,877,9584,670,3455,608,50,3576,619,406,1714,585
23301,1721,511,1282,512,414,265,12,0,11,39,28,34
23302,162,127,162,127,0,12,12,0,0,36,0,36
23303,587,334,437,320,150,140,12,0,0,36,0,36
23304,36,57,36,57,0,12,12,0,0,36,0,36
23306,766,218,658,198,97,86,12,0,0,36,22,48
23307,704,274,245,185,459,203,12,0,0,36,0,36
23308,2133,503,1861,461,237,207,12,19,0,36,32,56
23310,4351,410,3065,299,1113,256,6,17,47,72,218,164
23313,184,108,143,97,41,62,12,0,0,36,0,36
23314,9261,451,7016,510,1531,213,17,174,342,322,396,224
23315,1213,250,1130,228,40,49,12,0,10,41,66,98
23316,521,179,256,120,255,143,12,0,0,36,20,42
23320,57619,1648,32475,1150,17764,1277,98,2889,1539,623,5904,1281
23321,36212,1330,21183,1135,12244,1062,40,1227,124,166,2868,955
23322,64972,1643,53437,1405,7193,757,26,1541,655,285,4292,970
23323,41074,1196,23344,1035,14209,1117,88,988,702,427,3662,1032
23324,23893,1009,8075,623,14028,1067,23,492,779,371,1038,545
23325,16250,911,8064,531,6646,720,101,434,416,319,1380,595
23336,2899,15,2699,152,12,24,12,62,35,66,182,204
23337,430,166,430,166,0,12,12,0,0,36,0,36
23347,730,291,567,278,110,83,12,53,0,36,0,36
23350,3551,301,1877,267,1435,250,12,50,0,36,378,366
23354,159,85,145,81,9,15,12,0,0,36,10,28
23356,1187,405,1187,405,0,12,12,0,0,36,0,36
23357,747,317,247,118,500,279,12,0,0,36,0,36
23358,89,91,89,91,0,12,12,0,0,36,0,36
23359,666,202,536,154,123,133,13,0,7,37,0,36
23389,221,273,221,273,0,12,12,0,0,36,0,36
23395,558,376,381,344,177,180,12,0,0,36,0,36
23398,31,28,31,28,0,12,12,0,0,36,0,36
23401,151,59,105,52,38,26,12,0,0,36,16,38
23405,923,204,689,172,182,105,12,0,52,98,0,36
23407,828,560,464,462,364,328,12,0,0,36,0,36
23408,69,62,69,62,0,12,12,0,0,36,0,36
23409,158,103,158,103,0,12,12,0,0,36,0,36
23410,1326,317,1135,303,188,133,5,0,2,29,2,20
23413,639,196,261,98,349,146,12,3,0,36,52,64
23414,174,128,48,54,126,153,12,0,0,36,0,36
23415,1603,477,914,400,533,306,12,129,27,63,0,36
23416,166,129,45,74,121,119,12,0,0,36,0,36
23417,3438,520,2504,257,892,404,12,27,3,29,24,50
23418,963,331,755,284,84,71,109,19,96,133,18,40
23420,3739,837,1273,427,2353,687,69,0,86,103,54,65
23421,4423,765,2375,532,1760,640,12,9,139,239,280,224
23422,147,120,102,93,33,39,12,0,12,42,0,36
23423,419,196,419,196,0,12,12,0,0,36,0,36
23426,94,53,94,53,0,12,12,0,0,36,0,36
23427,238,74,226,69,0,12,12,0,0,36,24,44
23430,17245,485,11785,540,4783,377,64,140,133,127,808,435
23432,1506,236,921,204,560,110,12,13,0,36,24,52
23433,1214,192,933,119,215,210,12,30,7,35,58,75
23434,49625,908,22175,740,24542,1003,58,419,474,249,4030,1024
23435,30626,837,17010,614,10858,968,54,1253,364,267,2282,1017
23436,1019,142,782,130,219,107,4,5,2,28,22,36
23437,4308,380,3159,347,881,161,15,35,61,74,344,291
23438,1795,380,1377,318,373,254,12,15,0,36,60,68
23440,506,162,506,162,0,12,12,0,0,36,0,36
23441,125,97,79,63,46,75,12,0,0,36,0,36
23442,1263,407,561,275,666,336,13,0,36,62,0,36
23451,43230,1278,35409,1172,4274,755,94,911,866,505,3540,930
23452,58996,1303,39341,997,11314,1005,105,2954,1944,697,6886,1295
23453,35019,1253,18561,1159,8693,869,94,3966,1321,459,4956,1468
23454,58904,1196,44918,1243,7756,912,147,2234,907,438,6178,1200
23455,49263,1492,36743,1340,6452,783,80,2425,1251,602,4784,1124
23456,54337,1328,38184,1099,7686,592,172,4485,785,467,6394,1140
23457,4180,334,3885,312,153,111,12,51,2,26,178,174
23459,1430,139,1110,147,203,66,12,18,14,39,170,73
23460,2024,383,1442,245,397,154,12,92,0,36,186,180
23461,453,282,385,229,38,38,12,15,0,36,30,72
23462,65906,1869,35457,1612,19644,1448,125,4523,2621,963,7322,1456
23464,76421,1471,42874,1210,18999,1064,104,8456,1291,462,9602,1399
23480,380,144,294,121,86,101,12,0,0,36,0,36
23486,23,37,23,37,0,12,12,0,0,36,0,36
23487,5728,497,4450,478,954,196,37,35,78,88,422,275
23488,366,291,35,34,331,291,12,0,0,36,0,36
23502,21363,1027,8369,685,11055,1110,34,414,489,272,2072,704
23503,31915,1019,21355,969,7113,646,103,811,1414,658,2444,747
23504,23330,1061,2438,401,19520,1019,14,122,385,298,1730,502
23505,30270,1295,15223,970,9882,983,22,1681,1198,600,4572,1357
23507,6795,483,5975,403,307,118,71,260,90,100,326,186
23508,21697,1010,12324,678,7520,698,81,743,328,180,1564,415
23509,13567,749,5703,498,6570,589,72,340,395,269,1118,353
23510,8913,625,4144,388,3823,412,65,293,288,214,730,369
23511,13773,1242,8611,887,3144,527,59,403,758,319,1714,677
23513,30384,1243,8443,782,17142,1073,66,1645,1878,817,2552,1051
23517,4543,496,2901,242,1229,393,28,178,44,75,382,224
23518,29301,1104,18244,877,6468,611,95,1921,1220,498,2896,774
23523,7561,604,347,178,6674,664,17,148,0,51,784,655
23551,1189,200,813,156,202,102,12,70,50,87,108,126
23601,25005,1144,15282,1060,7856,767,2,947,422,215,996,474
23602,38821,1198,20830,767,12362,929,96,1876,1309,470,4888,1155
23603,3907,588,1996,563,1478,365,12,18,219,215,392,290
23604,6900,714,4268,742,1467,411,47,231,384,239,1100,443
23605,13801,980,4939,593,7964,794,19,63,232,196,1206,569
23606,28772,1087,18606,904,7417,854,78,714,990,432,2090,642
23607,23067,1185,3463,513,18181,1134,43,159,361,265,1806,635
23608,43058,1478,18358,920,18905,1229,60,1813,846,513,6272,1884
23651,479,108,442,114,24,20,12,9,0,36,8,26
23661,12812,751,3852,380,8178,650,108,38,198,162,1092,503
23662,12066,39,11348,43,112,65,16,299,55,78,504,218
23663,13528,1104,5232,672,7221,882,64,174,383,265,1036,501
23664,9593,749,6870,639,2062,481,17,100,181,184,760,458
23665,6363,612,3976,583,1168,374,83,186,645,388,776,380
23666,52249,1373,17977,980,28671,1138,108,2228,1499,550,3748,872
23669,40996,1196,18591,917,19029,1107,206,618,607,414,4302,1178
23690,4374,524,2605,562,1091,304,55,111,203,175,728,476
23691,152,66,143,60,0,12,12,9,0,36,0,36
23692,18273,627,15336,659,1454,404,19,756,0,57,1454,868
23693,24311,790,16836,677,3563,555,36,2589,327,264,1992,667
23696,3696,285,3586,277,21,33,12,19,34,60,72,98
23701,23951,988,9358,631,12323,746,43,425,803,642,2084,839
23702,11020,709,4633,490,5682,688,87,84,184,202,874,455
23703,26655,676,11668,605,13144,695,62,436,519,300,1776,688
23704,17592,900,4251,355,12112,815,72,226,449,298,1108,393
23707,14685,721,7361,484,6703,575,57,110,164,185,694,339
23708,508,268,214,189,142,120,24,17,59,118,152,146
23709,686,278,346,173,168,85,39,30,50,98,184,186
23801,5763,479,2927,302,1909,388,52,127,416,231,768,302
23803,38187,1597,13055,1043,23098,1087,45,271,905,452,1716,554
23805,19440,903,6776,516,11499,778,15,341,218,246,1212,550
23806,1640,197,21,25,1566,194,12,0,20,49,66,60
23821,2016,356,898,174,1104,318,12,0,2,29,24,40
23824,6476,385,3292,354,3093,360,17,21,31,65,78,119
23827,1491,298,799,167,596,224,8,0,7,26,178,192
23828,333,112,171,89,162,99,12,0,0,36,0,36
23829,2454,391,1425,323,795,199,56,7,52,75,350,228
23830,1565,419,1135,354,342,215,12,0,0,36,176,266
23831,35964,1404,23394,1417,9743,1010,118,446,1293,780,2176,718
23832,38329,1540,25579,1495,8943,1235,225,1131,1142,796,3068,1398
23833,2216,354,1959,363,216,108,12,0,0,36,82,88
23834,26017,1038,17730,666,5978,778,73,902,551,285,1712,690
23836,13787,867,8548,730,3729,691,19,1017,150,193,686,438
23837,4406,481,2588,347,1699,343,12,2,43,73,148,106
23838,16666,714,13765,688,1695,354,53,243,412,397,1102,431
23839,936,197,541,167,351,146,12,0,0,36,88,108
23840,2719,710,2140,639,484,248,12,49,11,42,70,128
23841,3266,614,2130,547,972,316,12,0,41,89,246,268
23842,6458,567,4708,544,1633,389,15,14,43,69,120,104
23843,417,165,215,80,142,109,12,59,1,26,0,36
23844,612,264,152,130,386,219,12,0,0,36,148,148
23845,519,215,403,162,116,151,12,0,0,36,0,36
23846,852,196,637,173,204,112,12,11,0,36,0,36
23847,15717,493,5200,337,9711,522,15,21,58,69,1454,638
23850,1211,389,796,309,415,268,12,0,0,36,0,36
23851,13437,574,6346,467,6305,483,36,103,114,139,1138,605
23856,907,220,216,96,639,198,12,5,0,36,94,148
23857,687,276,687,276,0,12,12,0,0,36,0,36
23860,30524,756,15852,535,12586,643,76,450,733,372,1806,679
23866,1974,347,1246,236,558,233,12,0,0,36,340,386
23867,1930,334,852,151,1058,334,12,6,0,36,28,66
23868,6986,604,2573,349,4112,504,17,21,57,84,446,195
23872,2549,425,1729,340,761,279,5,11,3,29,90,128
23874,924,137,649,143,260,82,12,0,0,36,30,46
23875,12313,843,6478,632,5003,687,58,144,212,227,952,410
23876,267,119,159,97,108,89,12,0,0,36,0,36
23878,989,238,740,193,190,113,42,18,30,66,22,48
23879,512,217,248,146,264,156,12,0,0,36,0,36
23881,2023,418,1185,370,787,217,12,0,6,35,90,88
23882,2136,409,930,222,1053,339,12,123,0,36,60,76
23883,2065,243,963,174,1051,208,12,0,0,36,102,156
23884,38,28,8,9,27,19,12,0,0,36,6,10
23885,2542,436,1988,454,515,176,12,10,9,39,40,70
23887,307,264,105,73,202,251,12,0,0,36,0,36
23888,2420,233,1370,175,929,162,12,22,38,63,122,126
23889,748,298,111,96,544,286,12,0,46,90,94,156
23890,4396,425,1677,241,2616,373,12,0,27,84,152,158
23891,2112,230,475,95,1450,188,12,12,45,47,260,125
23893,286,163,226,146,60,67,12,0,0,36,0,36
23894,807,368,522,296,274,204,12,0,0,36,22,44
23897,516,217,222,96,294,187,12,0,0,36,0,36
23898,2190,394,1809,380,275,141,12,0,0,36,212,224
23899,330,80,252,66,63,35,4,0,8,23,14,38
23901,18397,1094,12954,912,4426,656,23,198,355,277,928,392
23909,447,198,369,181,60,45,12,12,0,36,12,36
23915,1215,328,725,286,472,117,12,0,1,26,34,62
23917,2778,383,1553,300,1081,334,76,9,109,92,52,60
23919,2436,398,1848,427,521,226,23,0,17,47,100,133
23920,2975,532,1432,315,1453,424,12,0,38,80,104,122
23921,1297,332,915,277,290,125,83,22,70,107,0,36
23922,4551,489,3002,456,1344,276,12,20,162,192,46,52
23923,3083,460,2440,410,560,179,12,23,2,28,116,139
23924,5625,518,3148,442,2248,315,56,0,117,170,224,201
23927,4074,423,2994,410,1033,273,8,13,8,26,52,70
23930,4919,513,2969,428,1904,315,12,5,7,36,68,120
23934,524,268,386,222,138,142,12,0,0,36,0,36
23936,8215,660,4483,469,3264,315,26,6,269,172,386,264
23937,1794,390,1172,279,584,246,12,6,0,36,64,72
23938,233,119,233,119,0,12,12,0,0,36,0,36
23942,1239,407,1024,363,198,195,6,14,3,30,0,36
23943,54,57,48,53,5,7,12,0,0,36,2,22
23944,3096,415,1675,306,1201,293,12,172,1,26,94,90
23947,3927,613,3030,492,695,308,12,22,7,43,346,288
23950,3870,592,2144,423,1696,543,15,0,30,74,0,36
23952,238,159,227,158,0,12,12,0,0,36,22,48
23954,1663,540,726,313,838,473,12,99,0,36,0,36
23958,3318,694,1879,453,1374,546,15,16,7,39,84,116
23959,1198,270,947,251,240,152,12,11,0,36,0,36
23960,1541,412,719,269,771,329,12,9,0,36,84,144
23962,830,309,617,320,213,166,12,0,0,36,0,36
23963,88,78,48,54,40,51,12,0,0,36,0,36
23964,1278,247,638,170,632,213,12,8,0,36,0,36
23966,2286,614,1286,361,751,382,52,16,50,76,366,360
23967,1137,342,716,252,421,209,12,0,0,36,0,36
23968,604,241,273,126,324,211,12,7,0,36,0,36
23970,8616,652,5385,616,3164,365,17,0,4,43,126,170
23974,5608,557,3148,413,2225,363,17,33,8,48,388,351
23976,34,28,26,23,8,15,12,0,0,36,0,36
24011,518,87,388,63,24,15,12,54,13,43,78,88
24012,30220,1232,22091,1124,5286,977,117,573,466,395,3608,2017
24013,8478,722,6511,731,1544,463,17,0,20,57,806,494
24014,16605,870,14367,878,1444,389,19,388,67,122,678,349
24015,14677,748,12367,711,959,393,20,931,12,58,816,427
24016,8759,884,3811,365,4232,869,32,226,146,190,688,341
24017,23699,1214,7270,669,14733,1086,74,445,206,211,2090,1262
24018,38341,904,32575,920,2238,515,88,2360,477,476,1382,669
24019,27722,954,22535,1040,3159,576,53,586,469,482,1946,814
24020,632,270,495,251,86,53,12,32,4,33,30,52
24053,2646,544,2549,529,48,53,12,25,0,36,48,76
24054,6367,789,3926,532,1744,394,17,0,514,484,366,211
24055,12402,904,10549,783,1505,484,19,0,267,298,162,215
24058,242,176,242,176,0,12,12,0,0,36,0,36
24059,853,274,796,259,0,12,12,12,0,36,90,108
24060,55676,681,44971,1004,2733,400,139,5755,971,537,2492,739
24064,5046,601,4875,589,70,62,17,9,0,51,184,147
24065,6098,719,5984,722,70,69,17,0,8,48,72,105
24066,5295,410,4979,395,114,85,21,0,57,96,290,258
24067,2368,489,2340,493,23,37,12,0,0,36,10,36
24069,1644,322,991,248,634,207,12,0,19,53,0,36
24070,1827,429,1807,425,2,4,12,0,0,36,36,66
24072,1029,339,877,278,51,77,12,21,0,36,160,216
24073,30710,899,27653,1033,1574,322,118,651,552,517,560,300
24076,1362,369,1362,369,0,12,12,0,0,36,0,36
24077,769,204,726,201,24,40,12,19,0,36,0,36
24078,7527,842,6514,770,816,349,17,64,67,134,132,121
24079,1817,407,1801,402,0,12,12,0,0,36,32,58
24082,650,193,411,187,188,124,12,0,51,94,0,36
24083,2910,456,2861,457,39,57,12,0,0,36,20,46
24084,11002,500,10206,520,390,147,10,130,62,89,428,257
24085,2139,295,1922,285,202,130,12,0,15,48,0,36
24086,113,61,101,62,12,21,12,0,0,36,0,36
24087,3789,611,3642,613,78,85,9,0,55,89,28,66
24088,5472,765,4804,742,560,202,23,0,69,93,78,93
24089,2440,507,1663,397,654,219,12,0,0,36,246,341
24090,5028,544,4806,515,102,59,17,22,30,79,136,138
24091,7739,814,7434,833,125,116,33,7,30,67,286,237
24092,2445,474,2088,456,259,176,11,26,7,35,130,214
24093,101,48,101,48,0,12,12,0,0,36,0,36
24095,4332,450,4149,473,91,66,12,0,25,55,134,133
24101,6290,522,5801,425,189,204,17,134,43,100,246,279
24102,1552,398,1549,399,0,12,12,0,0,36,6,24
24104,3452,593,3158,519,138,141,12,41,0,36,230,160
24105,468,252,468,252,0,12,12,0,0,36,0,36
24112,29448,962,16275,781,11785,596,67,241,405,311,1484,567
24120,1477,349,1447,342,2,5,12,0,1,27,54,94
24121,11145,678,10628,630,370,206,17,0,24,51,246,241
24122,1600,323,1532,332,56,78,12,11,1,26,0,36
24124,4785,540,4671,532,24,24,12,12,0,36,156,196
24127,3860,374,3800,373,6,10,12,0,1,26,106,184
24128,1948,299,1948,299,0,12,12,0,0,36,0,36
24130,15,25,15,25,0,12,12,0,0,36,0,36
24131,10,24,0,12,0,12,12,0,0,36,20,60
24132,282,183,247,152,0,12,12,0,0,36,70,108
24133,2258,349,2140,359,81,73,12,17,0,36,40,80
24134,5200,357,4897,359,251,179,17,0,25,75,54,97
24136,3156,353,3075,351,52,53,12,0,1,28,56,66
24137,2530,432,2139,374,177,135,12,5,0,36,418,416
24138,1618,488,1593,480,0,12,40,0,25,64,0,36
24139,359,137,308,131,44,48,12,0,0,36,14,36
24141,22989,895,21037,710,1207,350,23,316,45,73,768,420
24142,2745,626,1605,270,804,267,9,3,81,67,504,324
24147,1418,351,1383,353,22,13,12,10,3,30,0,36
24148,8475,626,6592,562,1356,314,17,138,122,175,534,431
24149,3401,742,3255,730,0,12,12,43,0,36,206,204
24150,820,257,820,257,0,12,12,0,0,36,0,36
24151,20436,1167,16733,1106,2733,326,83,109,374,324,974,513
24153,37849,510,34202,524,1979,285,38,527,323,244,1636,597
24161,505,212,406,201,40,44,8,5,4,32,100,140
24162,2381,595,2256,594,64,78,12,45,0,36,32,64
24165,1259,298,1029,279,189,90,12,10,5,32,52,88
24167,206,136,185,137,0,12,12,0,0,36,42,80
24168,385,292,385,292,0,12,12,0,0,36,0,36
24171,8327,561,7475,553,670,147,49,30,119,171,66,73
24174,2898,582,2772,531,8,12,12,0,0,36,236,306
24175,8142,648,7650,608,266,133,46,37,37,80,304,225
24176,1257,217,1225,222,20,22,12,6,0,36,12,30
24179,18258,639,16858,719,549,283,39,309,190,166,704,341
24184,4586,851,4401,841,44,68,18,18,9,42,228,250
24185,458,179,445,177,13,20,12,0,0,36,0,36
24201,16252,301,14639,328,964,231,19,38,73,150,1076,457
24202,11127,736,10782,745,82,96,19,110,10,54,286,219
24210,16337,774,15677,791,236,115,21,85,76,93,526,344
24211,10032,546,9809,538,13,12,56,66,70,116,148,155
24216,2712,348,2539,314,28,27,12,0,0,36,290,298
24217,278,132,278,132,0,12,12,0,0,36,0,36
24219,11393,605,9983,623,1081,303,17,89,13,55,454,215
24220,1049,355,1030,356,0,12,12,0,0,36,38,70
24221,596,216,596,216,0,12,12,0,0,36,0,36
24224,5866,610,5833,608,5,11,40,0,23,74,10,39
24225,2283,528,2069,483,46,70,12,0,0,36,336,352
24226,1154,236,1152,235,1,2,12,0,0,36,2,16
24228,6449,463,6277,458,43,42,13,0,21,50,216,132
24230,8092,710,7767,689,169,132,31,16,87,86,106,123
24236,3092,503,3057,504,3,6,12,0,0,36,64,66
24237,865,319,797,299,68,99,12,0,0,36,0,36
24239,241,190,241,190,0,12,12,0,0,36,0,36
24243,1948,439,1872,412,0,12,24,24,15,48,74,156
24244,5881,553,5637,518,34,33,56,0,72,93,276,195
24245,757,215,730,215,7,12,12,13,0,36,14,36
24246,492,338,492,338,0,12,12,0,0,36,0,36
24248,2465,405,2450,399,15,39,12,0,0,36,0,36
24250,1309,280,1288,277,0,12,19,0,12,43,18,42
24251,8275,516,8225,514,24,35,17,8,0,51,36,65
24256,3471,393,3402,395,40,40,12,18,0,36,22,38
24258,1577,246,1577,246,0,12,12,0,0,36,0,36
24260,5340,559,5267,562,65,38,7,0,4,41,8,31
24263,5875,705,5817,692,10,12,17,7,0,51,82,146
24265,707,239,707,239,0,12,12,0,0,36,0,36
24266,8986,768,8838,760,85,48,17,0,1,36,124,143
24269,390,201,374,189,0,12,12,0,0,36,32,58
24270,793,359,793,359,0,12,12,0,0,36,0,36
24271,2319,370,2319,370,0,12,12,0,0,36,0,36
24272,716,235,714,236,0,12,12,0,0,36,4,24
24273,6072,274,5658,320,122,114,17,184,0,51,216,259
24277,6906,657,5595,619,953,241,77,5,202,194,302,307
24279,5247,405,4588,421,573,101,7,12,4,41,140,132
24280,850,256,845,255,5,5,12,0,0,36,0,36
24281,2483,615,2483,615,0,12,12,0,0,36,0,36
24282,865,277,865,277,0,12,12,0,0,36,0,36
24283,2130,283,2063,265,0,12,12,0,19,54,96,146
24290,1968,321,1801,311,62,45,21,47,22,49,72,76
24292,392,106,360,102,32,48,12,0,0,36,0,36
24293,9575,669,9153,650,261,182,17,66,0,51,190,150
24301,14164,474,12801,556,732,188,19,81,127,173,846,475
24311,1475,227,1375,218,20,31,12,32,28,61,40,52
24312,1678,524,1582,458,96,126,12,0,0,36,0,36
24313,917,453,888,448,0,12,12,0,29,50,0,36
24314,1403,263,1380,251,6,9,12,0,0,36,34,74
24315,3563,351,3279,294,222,111,12,10,6,36,92,124
24316,0,12,0,12,0,12,12,0,0,36,0,36
24317,3903,412,3756,407,33,46,49,0,49,95,130,196
24318,599,198,587,198,0,12,19,0,12,43,0,36
24319,7228,670,6942,672,120,74,63,0,135,121,62,50
24322,99,83,99,83,0,12,12,0,0,36,0,36
24323,893,247,776,203,26,42,12,0,0,36,182,224
24324,1853,531,1743,527,110,140,12,0,0,36,0,36
24325,1020,371,994,365,0,12,12,0,26,57,0,36
24326,1030,202,979,216,1,2,12,0,0,36,100,138
24328,1748,494,1722,486,0,12,44,0,26,68,0,36
24330,3078,502,2993,476,6,15,72,0,46,122,66,134
24333,17768,906,16916,911,576,272,31,64,157,146,110,105
24340,6050,570,5603,561,165,107,49,8,133,207,282,218
24343,9597,674,9306,686,9,12,17,0,0,51,564,483
24347,1619,336,1602,337,0,12,12,0,0,36,34,54
24348,4760,630,3943,477,776,275,9,0,15,36,52,128
24350,1179,364,1168,368,0,12,12,0,11,49,0,36
24351,447,153,447,153,0,12,12,0,0,36,0,36
24352,839,294,785,280,0,12,12,13,0,36,82,106
24354,13934,663,13246,675,492,165,21,77,14,50,210,151
24360,5802,658,5687,631,84,88,17,0,0,51,62,91
24361,5795,537,5469,516,251,150,17,36,11,50,56,67
24363,1290,211,1218,206,14,28,12,29,29,53,0,36
24366,548,207,548,207,0,12,12,0,0,36,0,36
24368,5252,500,5090,479,8,11,68,0,94,124,120,101
24370,6821,545,6725,534,17,27,17,0,0,51,158,188
24374,791,206,772,203,19,32,12,0,0,36,0,36
24375,1888,354,1737,335,14,23,12,103,19,50,30,72
24377,329,116,329,116,0,12,12,0,0,36,0,36
24378,998,214,964,213,5,12,12,4,0,36,50,86
24380,2696,434,2476,349,64,101,64,0,156,223,0,36
24381,3826,618,3776,612,25,36,12,4,3,29,36,72
24382,13780,644,12686,626,705,159,3,129,1,41,518,300
24401,35718,929,30570,897,3330,319,43,561,212,164,2090,785
24411,52,82,52,82,0,12,12,0,0,36,0,36
24412,27,43,27,43,0,12,12,0,0,36,0,36
24413,269,121,266,120,0,12,12,0,0,36,6,24
24415,0,12,0,12,0,12,12,0,0,36,0,36
24416,8756,415,7941,388,472,167,23,123,75,104,290,230
24421,4029,450,3997,453,32,47,12,0,0,36,0,36
24422,5924,323,5191,345,584,121,17,7,66,91,152,157
24426,13451,317,12181,326,955,138,19,74,21,57,440,219
24430,3829,553,2332,363,1278,290,128,8,102,158,218,129
24431,2571,553,2508,547,0,12,12,63,0,36,0,36
24432,286,129,259,135,0,12,12,0,0,36,54,94
24433,73,46,73,46,0,12,12,0,0,36,0,36
24435,2028,510,1919,522,28,43,12,22,38,82,42,74
24437,705,237,694,239,0,12,12,0,3,33,16,42
24439,1227,362,1203,363,2,3,12,0,5,35,34,60
24440,2948,654,2769,644,133,63,12,19,21,58,12,24
24441,6190,505,5959,525,77,72,17,0,125,167,58,67
24442,123,73,123,73,0,12,12,0,0,36,0,36
24445,2798,468,2498,433,115,71,12,15,14,52,312,272
24448,256,70,232,66,13,13,12,0,0,36,22,34
24450,17140,800,15233,883,1113,318,24,316,142,167,672,347
24457,207,117,175,129,32,28,12,0,0,36,0,36
24458,401,102,398,101,0,12,12,0,0,36,6,24
24459,728,357,692,339,0,12,12,36,0,36,0,36
24460,1182,371,1151,369,0,12,13,0,31,76,0,36
24464,168,107,168,107,0,12,12,0,0,36,0,36
24465,1239,138,1230,140,0,12,9,0,3,33,12,32
24467,2363,488,2190,481,37,54,12,0,46,91,180,220
24471,1791,476,1754,465,37,47,12,0,0,36,0,36
24472,1722,459,1672,459,2,5,57,4,44,82,0,36
24473,889,312,889,312,0,12,12,0,0,36,0,36
24474,672,228,597,235,16,19,12,0,0,36,118,150
24476,225,131,225,131,0,12,12,0,0,36,0,36
24477,10894,755,10240,749,306,203,62,36,76,102,472,282
24479,1539,388,1510,380,0,12,14,0,8,38,42,84
24482,5267,496,4986,491,162,54,22,0,22,52,194,173
24483,582,259,582,259,0,12,12,0,0,36,0,36
24484,549,197,493,180,28,45,12,0,0,36,56,100
24485,333,126,333,126,0,12,12,0,0,36,0,36
24486,3304,479,3162,485,3,5,12,0,0,36,278,278
24487,322,192,322,192,0,12,12,0,0,36,0,36
24501,28036,1569,16082,1243,10402,1021,28,267,658,479,1254,439
24502,46044,1065,34794,995,7652,618,70,1436,598,298,3128,859
24503,19349,967,16308,902,2316,485,23,379,78,105,536,359
24504,9765,1103,5133,692,4471,949,17,68,5,43,176,153
24517,4743,205,3265,343,1414,255,12,16,0,36,96,100
24520,2261,497,1562,399,699,248,12,0,0,36,0,36
24521,9830,740,8267,773,1142,303,77,28,159,130,468,223
24522,9206,648,7616,547,1381,368,8,12,29,51,336,240
24523,19711,897,16316,956,2755,457,22,103,20,51,1034,445
24526,1264,238,1151,234,65,53,12,0,1,26,94,124
24527,2884,410,1948,339,901,257,12,0,0,36,70,106
24528,3126,398,1890,285,964,296,11,0,50,106,444,296
24529,2050,385,1339,307,693,245,12,0,0,36,36,68
24530,932,239,725,220,144,83,12,0,15,43,96,122
24531,8818,598,6484,564,2027,306,6,56,114,155,274,149
24534,1208,381,658,239,525,237,12,0,0,36,50,114
24536,286,209,286,209,0,12,12,0,0,36,0,36
24538,5591,682,4583,610,866,250,17,0,19,60,246,165
24539,80,31,24,19,56,26,12,0,0,36,0,36
24540,31607,1006,16704,699,13430,796,22,226,174,176,2146,653
24541,27114,878,15213,584,10272,762,17,435,219,214,1950,659
24549,3805,512,3057,411,368,144,12,6,142,172,464,412
24550,7272,617,6306,587,675,249,68,108,79,111,208,135
24551,25625,938,22125,930,1766,310,23,886,227,198,1242,632
24553,1489,433,1289,381,200,149,12,0,0,36,0,36
24554,3952,441,3075,423,652,169,18,0,43,69,364,296
24555,2245,442,1829,413,217,121,34,24,26,58,298,292
24556,3218,430,2972,431,137,102,12,53,12,45,88,152
24557,7696,593,5690,532,1739,334,17,3,45,104,438,277
24558,5813,556,3686,473,1962,363,17,0,10,50,310,283
24562,526,229,486,222,40,57,12,0,0,36,0,36
24563,5290,405,4149,450,987,282,15,1,16,49,274,204
24565,815,145,423,129,379,92,12,0,0,36,26,43
24566,1386,341,1018,306,269,166,12,26,0,36,146,176
24569,938,396,601,353,329,172,12,0,0,36,16,34
24570,0,12,0,12,0,12,12,0,0,36,0,36
24571,2310,326,1827,294,323,131,6,0,12,36,296,234
24572,16691,571,11867,567,3740,446,64,77,301,245,1412,459
24574,4009,514,3280,472,596,247,12,51,19,62,126,127
24577,4720,557,3096,459,1493,388,12,0,0,36,262,210
24578,926,321,878,299,0,12,12,33,0,36,30,58
24579,1256,276,1244,272,12,15,12,0,0,36,0,36
24580,531,183,423,177,108,80,12,0,0,36,0,36
24581,27,43,0,12,27,43,12,0,0,36,0,36
24586,5819,810,4761,791,759,238,17,0,192,210,214,163
24588,9936,666,7859,680,1789,388,28,54,55,99,358,245
24589,3170,587,2058,412,623,237,12,97,0,36,784,632
24590,7779,773,6196,675,1267,408,9,55,41,86,440,307
24592,13342,724,6990,678,5837,440,59,173,145,175,394,339
24593,2260,538,1425,402,813,329,12,0,0,36,44,68
24594,1600,461,1478,449,122,110,12,0,0,36,0,36
24595,639,168,536,139,62,46,12,6,35,75,0,36
24597,1151,245,772,212,334,178,55,0,45,79,0,36
24598,1677,353,1448,344,150,123,12,6,0,36,146,106
24599,1083,357,866,330,217,131,12,0,0,36,0,36
24601,0,12,0,12,0,12,12,0,0,36,0,36
24602,670,319,670,319,0,12,12,0,0,36,0,36
24603,766,260,762,259,0,12,12,0,0,36,8,36
24604,189,135,183,135,6,12,12,0,0,36,0,36
24605,7870,428,7263,443,410,284,54,75,64,92,116,95
24606,209,193,209,193,0,12,12,0,0,36,0,36
24607,254,111,254,111,0,12,12,0,0,36,0,36
24609,7136,704,7103,701,16,24,23,0,14,57,6,31
24612,165,110,165,110,0,12,12,0,0,36,0,36
24613,560,321,560,321,0,12,12,0,0,36,0,36
24614,7198,687,6571,650,300,107,35,214,90,105,46,85
24620,2932,492,2884,485,0,12,12,0,0,36,96,164
24622,839,283,833,283,0,12,12,0,0,36,12,36
24628,250,136,250,136,0,12,12,0,0,36,0,36
24630,7148,816,6666,763,369,253,21,35,30,68,96,117
24631,2334,412,1962,362,273,136,23,11,56,103,64,62
24634,462,148,462,148,0,12,12,0,0,36,0,36
24635,1420,149,1068,150,230,55,12,11,6,34,210,114
24637,3683,540,3551,543,19,31,12,80,24,66,18,46
24639,3412,435,3322,428,3,10,12,10,0,36,154,144
24641,5489,94,5283,192,103,117,11,0,21,64,164,171
24646,642,180,642,180,0,12,12,0,0,36,0,36
24649,2705,440,2627,440,0,12,67,0,39,91,78,156
24651,5665,632,5214,554,189,125,30,44,100,159,236,237
24656,2906,460,2892,456,0,12,12,0,14,52,0,36
24657,381,139,365,134,16,29,12,0,0,36,0,36
